date,sourceCommit,branch,buildConfiguration,macOS,xcode,architecture,viewport,sweep,role,scenario,blockCount,repetitions,entryLimit,costLimitBytes,p95FrameMs,hitRatio,prepareCount,p95OperationMs,residentEstimatedCostMiB,physicalFootprintMiB,overBudgetContextCount,decision
2026-08-08,a8c05f7fd75e3bcec326505129b042a86291fe3c,codex/b4-bounded-prepared-store,release+SLOPAD_BENCHMARK_INSTRUMENTATION,26.5.2,26.5-17F42,arm64,920x680,count,candidate,forward-reverse-scroll,10000,3,64,8388608,5.395,0.759,647,,4.03,,,below-count-knee
2026-08-08,a8c05f7fd75e3bcec326505129b042a86291fe3c,codex/b4-bounded-prepared-store,release+SLOPAD_BENCHMARK_INSTRUMENTATION,26.5.2,26.5-17F42,arm64,920x680,count,candidate,forward-reverse-scroll,10000,3,80,8388608,5.466,0.870,348,,5.03,,,below-count-knee
2026-08-08,a8c05f7fd75e3bcec326505129b042a86291fe3c,codex/b4-bounded-prepared-store,release+SLOPAD_BENCHMARK_INSTRUMENTATION,26.5.2,26.5-17F42,arm64,920x680,count,candidate,forward-reverse-scroll,10000,3,96,8388608,5.119,0.965,93,,6.04,,,selected-count-knee
2026-08-08,a8c05f7fd75e3bcec326505129b042a86291fe3c,codex/b4-bounded-prepared-store,release+SLOPAD_BENCHMARK_INSTRUMENTATION,26.5.2,26.5-17F42,arm64,920x680,count,candidate,forward-reverse-scroll,10000,3,112,8388608,4.821,0.971,77,,6.54,,,above-count-knee
2026-08-08,a8c05f7fd75e3bcec326505129b042a86291fe3c,codex/b4-bounded-prepared-store,release+SLOPAD_BENCHMARK_INSTRUMENTATION,26.5.2,26.5-17F42,arm64,920x680,count,candidate,forward-reverse-scroll,10000,3,128,8388608,4.859,0.971,77,,6.54,,,above-count-knee-no-reuse-gain
2026-08-08,a8c05f7fd75e3bcec326505129b042a86291fe3c,codex/b4-bounded-prepared-store,release+SLOPAD_BENCHMARK_INSTRUMENTATION,26.5.2,26.5-17F42,arm64,920x680,cost,candidate,forward-reverse-scroll,10000,3,96,4194304,5.451,0.759,647,,,,,below-cost-knee
2026-08-08,a8c05f7fd75e3bcec326505129b042a86291fe3c,codex/b4-bounded-prepared-store,release+SLOPAD_BENCHMARK_INSTRUMENTATION,26.5.2,26.5-17F42,arm64,920x680,cost,candidate,forward-reverse-scroll,10000,3,96,5242880,4.957,0.844,418,,,,,below-cost-knee
2026-08-08,a8c05f7fd75e3bcec326505129b042a86291fe3c,codex/b4-bounded-prepared-store,release+SLOPAD_BENCHMARK_INSTRUMENTATION,26.5.2,26.5-17F42,arm64,920x680,cost,candidate,forward-reverse-scroll,10000,3,96,6291456,4.748,0.924,205,,5.978,,,selected-cost-knee
2026-08-08,a8c05f7fd75e3bcec326505129b042a86291fe3c,codex/b4-bounded-prepared-store,release+SLOPAD_BENCHMARK_INSTRUMENTATION,26.5.2,26.5-17F42,arm64,920x680,cost,candidate,forward-reverse-scroll,10000,3,96,7340032,4.763,0.965,93,,6.04,,,above-cost-knee-tie
2026-08-08,a8c05f7fd75e3bcec326505129b042a86291fe3c,codex/b4-bounded-prepared-store,release+SLOPAD_BENCHMARK_INSTRUMENTATION,26.5.2,26.5-17F42,arm64,920x680,cost,candidate,forward-reverse-scroll,10000,3,96,8388608,4.763,0.965,93,,6.04,,,above-cost-knee-no-reuse-gain
2026-08-08,a8c05f7fd75e3bcec326505129b042a86291fe3c,codex/b4-bounded-prepared-store,release+SLOPAD_BENCHMARK_INSTRUMENTATION,26.5.2,26.5-17F42,arm64,920x680,final,same-head-entry-limit-1-control,repeated-viewport,10000,5,1,6291456,5.140,0.056,1020,,,,,comparison-control
2026-08-08,a8c05f7fd75e3bcec326505129b042a86291fe3c,codex/b4-bounded-prepared-store,release+SLOPAD_BENCHMARK_INSTRUMENTATION,26.5.2,26.5-17F42,arm64,920x680,final,selected-default,repeated-viewport,10000,5,96,6291456,4.353,1.000,0,,,,,selected-policy
2026-08-08,a8c05f7fd75e3bcec326505129b042a86291fe3c,codex/b4-bounded-prepared-store,release+SLOPAD_BENCHMARK_INSTRUMENTATION,26.5.2,26.5-17F42,arm64,920x680,final,same-head-entry-limit-1-control,forward-reverse-scroll,10000,3,1,6291456,5.981,0.003,2677,,,,,comparison-control
2026-08-08,a8c05f7fd75e3bcec326505129b042a86291fe3c,codex/b4-bounded-prepared-store,release+SLOPAD_BENCHMARK_INSTRUMENTATION,26.5.2,26.5-17F42,arm64,920x680,final,selected-default,forward-reverse-scroll,10000,3,96,6291456,4.748,0.924,205,,,,,selected-policy
2026-08-08,a8c05f7fd75e3bcec326505129b042a86291fe3c,codex/b4-bounded-prepared-store,release+SLOPAD_BENCHMARK_INSTRUMENTATION,26.5.2,26.5-17F42,arm64,920x680,final,same-head-entry-limit-1-control,native-insert,10000,3,1,6291456,8.384,0.091,1200,2.331,,,,comparison-control
2026-08-08,a8c05f7fd75e3bcec326505129b042a86291fe3c,codex/b4-bounded-prepared-store,release+SLOPAD_BENCHMARK_INSTRUMENTATION,26.5.2,26.5-17F42,arm64,920x680,final,selected-default,native-insert,10000,3,96,6291456,6.540,0.955,60,1.820,,,,selected-policy
2026-08-08,a8c05f7fd75e3bcec326505129b042a86291fe3c,codex/b4-bounded-prepared-store,release+SLOPAD_BENCHMARK_INSTRUMENTATION,26.5.2,26.5-17F42,arm64,920x680,final,same-head-entry-limit-1-control,composition,10000,3,1,6291456,5.410,0.055,1200,,,,,comparison-control
2026-08-08,a8c05f7fd75e3bcec326505129b042a86291fe3c,codex/b4-bounded-prepared-store,release+SLOPAD_BENCHMARK_INSTRUMENTATION,26.5.2,26.5-17F42,arm64,920x680,final,selected-default,composition,10000,3,96,6291456,4.237,0.953,60,,,,,selected-policy
2026-08-08,a8c05f7fd75e3bcec326505129b042a86291fe3c,codex/b4-bounded-prepared-store,release+SLOPAD_BENCHMARK_INSTRUMENTATION,26.5.2,26.5-17F42,arm64,920x680,final,same-head-entry-limit-1-control,text-selection-drag,10000,3,1,6291456,7.056,0.456,1143,,,,,comparison-control
2026-08-08,a8c05f7fd75e3bcec326505129b042a86291fe3c,codex/b4-bounded-prepared-store,release+SLOPAD_BENCHMARK_INSTRUMENTATION,26.5.2,26.5-17F42,arm64,920x680,final,selected-default,text-selection-drag,10000,3,96,6291456,5.493,1.000,0,,,,,selected-policy
2026-08-08,a8c05f7fd75e3bcec326505129b042a86291fe3c,codex/b4-bounded-prepared-store,release+SLOPAD_BENCHMARK_INSTRUMENTATION,26.5.2,26.5-17F42,arm64,920x680,final,same-head-entry-limit-1-control,pressure-recovery,10000,3,1,6291456,6.333,,1050,,,47.64,0,comparison-control
2026-08-08,a8c05f7fd75e3bcec326505129b042a86291fe3c,codex/b4-bounded-prepared-store,release+SLOPAD_BENCHMARK_INSTRUMENTATION,26.5.2,26.5-17F42,arm64,920x680,final,selected-default,pressure-recovery,10000,3,96,6291456,5.341,,1050,,,48.58,0,selected-policy
2026-08-08,a8c05f7fd75e3bcec326505129b042a86291fe3c,codex/b4-bounded-prepared-store,release+SLOPAD_BENCHMARK_INSTRUMENTATION,26.5.2,26.5-17F42,arm64,920x680,final,same-head-entry-limit-1-control,long-active-paragraph,10000,3,1,6291456,169.879,,540,,,390.78,0,comparison-control
2026-08-08,a8c05f7fd75e3bcec326505129b042a86291fe3c,codex/b4-bounded-prepared-store,release+SLOPAD_BENCHMARK_INSTRUMENTATION,26.5.2,26.5-17F42,arm64,920x680,final,selected-default,long-active-paragraph,10000,3,96,6291456,172.730,,60,,,385.97,0,selected-policy
